Rank,Sign,Freq,LogRank,LogFreq,PredLogFreq
1,740,1889,0.0,7.543802867501509,10.314382602681725
2,000,1801,0.6931471805599453,7.496097345175956,9.214410958780803
3,002,839,1.0986122886681098,6.732210706467206,8.570968795242159
4,700,550,1.3862943611198906,6.309918278226516,8.114439314879881
5,032,534,1.6094379124341003,6.280395838960195,7.7603275391287365
6,400,497,1.791759469228055,6.208590026096629,7.470997151341235
7,033,480,1.9459101490553132,6.173786103901937,7.226371794052676
8,220,458,2.0794415416798357,6.126869184114185,7.014467670978958
9,240,351,2.1972245773362196,5.860786223465865,6.827554987802591
10,520,316,2.302585092994046,5.755742213586912,6.660355895227814
11,390,279,2.3978952727983707,5.631211781821365,6.509105918166428
12,861,265,2.4849066497880004,5.579729825986222,6.371025507440313
13,003,251,2.5649493574615367,5.5254529391317835,6.244003842761802
14,235,248,2.6390573296152584,5.5134287461649825,6.126400150151754
15,031,247,2.70805020110221,5.5093883366279774,6.016913731689169
16,820,228,2.772588722239781,5.429345628954441,5.914496027078036
17,590,226,2.833213344056216,5.420534999272286,5.818289381807654
18,741,223,2.8903717578961645,5.407171771460119,5.727583343901669
19,060,222,2.9444389791664403,5.402677381872279,5.641782792547227
20,705,216,2.995732273553991,5.375278407684165,5.560384251326892
21,176,216,3.044522437723423,5.375278407684165,5.482957986613109
22,817,215,3.091042453358316,5.3706380281276624,5.409134274265506
23,001,209,3.1354942159291497,5.342334251964811,5.338592721590021
24,233,192,3.1780538303479458,5.2574953720277815,5.27105386353939
25,090,190,3.2188758248682006,5.247024072160486,5.206272475575748
26,415,174,3.258096538021482,5.159055299214529,5.14403219886088
27,034,160,3.295836866004329,5.075173815233827,5.084141180363024
28,920,152,3.332204510175204,5.0238805208462765,5.0264285062508325
29,798,151,3.367295829986474,5.017279836814924,4.970741261431811
30,407,143,3.4011973816621555,4.962844630259907,4.916942087788247
31,255,136,3.4339872044851463,4.912654885736052,4.864907142937589
32,100,134,3.4657359027997265,4.897839799950911,4.814524383177114
33,760,134,3.4965075614664802,4.897839799950911,4.765692110726862
34,803,133,3.5263605246161616,4.890349128221754,4.718317737906732
35,806,133,3.5553480614894135,4.890349128221754,4.672316730499688
36,840,121,3.58351893845611,4.795790545596741,4.627611700000746
37,368,119,3.6109179126442243,4.77912349311153,4.584131620265657
38,550,119,3.6375861597263857,4.77912349311153,4.541811148646305
39,405,116,3.6635616461296463,4.7535901911063645,4.500590035322236
40,690,116,3.6888794541139363,4.7535901911063645,4.460412607425969
41,900,112,3.713572066704308,4.718498871295094,4.42122731687729
42,140,108,3.7376696182833684,4.68213122712422,4.382986342712187
43,156,101,3.7612001156935624,4.61512051684126,4.345645240210423
44,706,100,3.784189633918261,4.605170185988092,4.309162630364584
45,231,94,3.8066624897703196,4.543294782270004,4.273499924249602
46,004,93,3.828641396489095,4.532599493153256,4.238621077689098
47,061,93,3.8501476017100584,4.532599493153256,4.204492372308138
48,151,92,3.871201010907891,4.5217885770490405,4.1710822196384685
49,892,86,3.8918202981106265,4.454347296253507,4.1383609854236285
50,017,82,3.912023005428146,4.406719247264253,4.106300831674825
51,503,82,3.9318256327243257,4.406719247264253,4.074875574368088
52,142,80,3.9512437185814275,4.382026634673881,4.044060554959957
53,575,80,3.970291913552122,4.382026634673881,4.013832524142124
54,617,77,3.9889840465642745,4.343805421853684,3.984169536462102
55,692,74,4.007333185232471,4.30406509320417,3.9550508546134395
56,435,74,4.02535169073515,4.30406509320417,3.9264568623499088
57,615,72,4.04305126783455,4.276666119016055,3.89836898510766
58,904,64,4.060443010546419,4.1588830833596715,3.8707696175308888
59,527,63,4.07753744390572,4.143134726391533,3.843642057192845
60,055,62,4.0943445622221,4.127134385045092,3.8169704438873246
61,585,60,4.110873864173311,4.0943445622221,3.7907397039380974
62,125,59,4.127134385045092,4.07753744390572,3.7649354990366675
63,388,58,4.143134726391533,4.060443010546419,3.739544179173543
64,845,55,4.1588830833596715,4.007333185232471,3.7145527392761917
65,717,54,4.174387269895637,3.9889840465642745,3.689948779208814
66,850,54,4.189654742026425,3.9889840465642745,3.66572046682594
67,413,53,4.204692619390966,3.970291913552122,3.6418565038042745
68,752,53,4.219507705176107,3.970291913552122,3.618346094005809
69,790,50,4.23410650459726,3.912023005428146,3.595178914150453
70,742,50,4.248495242049359,3.912023005428146,3.572345086598765
71,416,49,4.2626798770413155,3.8918202981106265,3.549835154065198
72,595,49,4.276666119016055,3.8918202981106265,3.5276400560998242
73,350,48,4.290459441148391,3.871201010907891,3.5057511071921716
74,016,48,4.30406509320417,3.871201010907891,3.484159976364733
75,005,48,4.31748811353631,3.871201010907891,3.462858668136181
76,440,46,4.330733340286331,3.828641396489095,3.4418395047453822
77,832,45,4.343805421853684,3.8066624897703196,3.4210951095373794
78,013,44,4.356708826689592,3.784189633918261,3.400618391421313
79,154,44,4.3694478524670215,3.784189633918261,3.3804025303183707
80,923,44,4.382026634673881,3.784189633918261,3.360440963525048
81,455,43,4.394449154672439,3.7612001156935624,3.340727372923457
82,335,43,4.406719247264253,3.7612001156935624,3.321255672976367
83,482,41,4.418840607796598,3.713572066704308,3.302019999449847
84,630,40,4.430816798843313,3.6888794541139363,3.2830146988112654
85,460,39,4.442651256490317,3.6635616461296463,3.2642343182546654
86,158,39,4.454347296253507,3.6635616461296463,3.2456735963095014
87,226,38,4.465908118654584,3.6375861597263857,3.2273274539922436
88,070,38,4.477336814478207,3.6375861597263857,3.2091909864636605
89,480,35,4.48863636973214,3.5553480614894135,3.191259455157457
90,745,35,4.499809670330265,3.5553480614894135,3.1735282803486804
91,384,31,4.51085950651685,3.4339872044851463,3.155993034132754
92,632,31,4.5217885770490405,3.4339872044851463,3.138649433788176
93,165,31,4.532599493153256,3.4339872044851463,3.1214933354980223
94,824,31,4.543294782270004,3.4339872044851463,3.1045207284072154
95,501,31,4.553876891600541,3.4339872044851463,3.0877277289942384
96,095,30,4.564348191467836,3.4011973816621555,3.0711105757375465
97,035,30,4.574710978503383,3.4011973816621555,3.054665624058342
98,495,29,4.584967478670572,3.367295829986474,3.038389341522705
99,171,29,4.59511985013459,3.367295829986474,3.022278303287295
100,645,28,4.605170185988092,3.332204510175204,3.0063291877739022
101,175,27,4.61512051684126,3.295836866004329,2.990538772559235
102,463,26,4.624972813284271,3.258096538021482,2.974903930467166
103,236,25,4.634728988229636,3.2188758248682006,2.9594216258516166
104,104,25,4.6443908991413725,3.2188758248682006,2.944088911059035
105,555,24,4.653960350157523,3.1780538303479458,2.9289029230601216
106,500,23,4.663439094112067,3.1354942159291497,2.9138608802412023
107,091,23,4.672828834461906,3.1354942159291497,2.898960079346259
108,636,22,4.68213122712422,3.091042453358316,2.884197892561179
109,877,22,4.6913478822291435,3.091042453358316,2.8695717647323953
110,621,22,4.700480365792417,3.091042453358316,2.8550792107125167
111,382,21,4.709530201312334,3.044522437723423,2.8407178128260897
112,711,21,4.718498871295094,3.044522437723423,2.8264852184489877
113,320,20,4.727387818712341,2.995732273553991,2.8123791376954035
114,097,20,4.736198448394496,2.995732273553991,2.798397341206737
115,066,18,4.74493212836325,2.8903717578961645,2.7845376580370322
116,167,18,4.7535901911063645,2.8903717578961645,2.770797973629967
117,831,18,4.762173934797756,2.8903717578961645,2.7571762278826677
118,048,18,4.770684624465665,2.8903717578961645,2.743670413291923
119,491,18,4.77912349311153,2.8903717578961645,2.7302785731786052
120,679,18,4.787491742782046,2.8903717578961645,2.7169987999864027
121,838,17,4.795790545596741,2.833213344056216,2.703829233651131
122,222,17,4.804021044733257,2.833213344056216,2.6907680600371746
123,530,17,4.812184355372417,2.833213344056216,2.6778135094377236
124,365,17,4.820281565605037,2.833213344056216,2.6649638551357446
125,436,17,4.8283137373023015,2.833213344056216,2.6522174120227584
126,999,17,4.836281906951478,2.833213344056216,2.6395725352726203
127,906,16,4.844187086458591,2.772588722239781,2.6270276190677437
128,374,16,4.852030263919617,2.772588722239781,2.614581095375269
129,519,16,4.859812404361672,2.772588722239781,2.6022314327708562
130,130,16,4.867534450455582,2.772588722239781,2.5899771353078913
131,072,15,4.875197323201151,2.70805020110221,2.5778167414300173
132,297,15,4.882801922586371,2.70805020110221,2.565748822925017
133,554,15,4.890349128221754,2.70805020110221,2.5537719839181783
134,540,15,4.897839799950911,2.70805020110221,2.5418848599033517
135,605,15,4.90527477843843,2.70805020110221,2.5300861168100353
136,921,15,4.912654885736052,2.70805020110221,2.5183744501048873
137,111,15,4.919980925828125,2.70805020110221,2.5067485839261465
138,321,15,4.927253685157205,2.70805020110221,2.495207270249531
139,065,15,4.9344739331306915,2.70805020110221,2.4837492880842538
140,844,14,4.941642422609304,2.6390573296152584,2.472373442697844
141,821,14,4.948759890378168,2.6390573296152584,2.4610785648685702
142,484,14,4.955827057601261,2.6390573296152584,2.449863510164276
143,565,14,4.962844630259907,2.6390573296152584,2.4387271582465058
144,064,14,4.969813299576001,2.6390573296152584,2.4276684121989014
145,354,14,4.976733742420574,2.6390573296152584,2.416686197878822
146,510,13,4.983606621708336,2.5649493574615367,2.405779463291249
147,526,13,4.990432586778736,2.5649493574615367,2.3949471779840614
148,317,13,4.997212273764115,2.5649493574615367,2.384188332463812
149,063,13,5.003946305945459,2.5649493574615367,2.373501937631172
150,905,13,5.0106352940962555,2.5649493574615367,2.362887024235259
151,318,13,5.017279836814924,2.5649493574615367,2.352342642346091
152,137,13,5.0238805208462765,2.5649493574615367,2.3418678608444594
153,792,13,5.030437921392435,2.5649493574615367,2.3314617669285207
154,406,13,5.0369526024136295,2.5649493574615367,2.3211234656364574
155,337,13,5.043425116919247,2.5649493574615367,2.310852079384601
156,161,12,5.049856007249537,2.4849066497880004,2.300646747520391
157,868,12,5.056245805348308,2.4849066497880004,2.290506625889625
158,360,12,5.062595033026967,2.4849066497880004,2.2804308864174487
159,703,12,5.0689042022202315,2.4849066497880004,2.270418716702558
160,243,12,5.075173815233827,2.4849066497880004,2.260469319624125
161,794,12,5.081404364984463,2.4849066497880004,2.250581912960971
162,241,12,5.087596335232384,2.4849066497880004,2.240755729022535
163,515,11,5.093750200806762,2.3978952727983707,2.2309900142911765
164,776,11,5.099866427824199,2.3978952727983707,2.221284029075445
165,371,11,5.10594547390058,2.3978952727983707,2.2116370471738733
166,315,11,5.111987788356544,2.3978952727983707,2.202048355548923
167,525,11,5.117993812416755,2.3978952727983707,2.1925172540107454
168,625,11,5.123963979403259,2.3978952727983707,2.1830430549103426
169,336,11,5.1298987149230735,2.3978952727983707,2.1736250828418786
170,890,11,5.135798437050262,2.3978952727983707,2.1642626743537434
171,927,11,5.14166355650266,2.3978952727983707,2.154955177668093
172,269,11,5.147494476813453,2.3978952727983707,2.1457019524085794
173,190,11,5.153291594497779,2.3978952727983707,2.1365023693359557
174,853,11,5.159055299214529,2.3978952727983707,2.1273558100913217
175,136,11,5.1647859739235145,2.3978952727983707,2.118261666946699
176,232,10,5.170483995038151,2.302585092994046,2.1092193425627404
177,257,10,5.176149732573829,2.302585092994046,2.100228249753279
178,924,10,5.181783550292085,2.302585092994046,2.091287811256535
179,880,10,5.187385805840755,2.302585092994046,2.082397459512702
180,347,10,5.19295685089021,2.302585092994046,2.0735566364477567
181,511,10,5.198497031265826,2.302585092994046,2.0647647932632403
182,370,10,5.204006687076795,2.302585092994046,2.056021390231832
183,772,10,5.209486152841421,2.302585092994046,2.0473258964985295
184,056,10,5.214935757608986,2.302585092994046,2.038677789887254
185,468,10,5.220355825078324,2.302585092994046,2.030076556712668
186,353,10,5.225746673713202,2.302585092994046,2.0215216915970995
187,545,10,5.231108616854587,2.302585092994046,2.013012697292357
188,215,10,5.236441962829949,2.302585092994046,2.0045490845062925
189,391,10,5.241747015059643,2.302585092994046,1.996130371733976
190,298,9,5.247024072160486,2.1972245773362196,1.9877560850933165
191,592,9,5.25227342804663,2.1972245773362196,1.9794257581650037
192,250,9,5.2574953720277815,2.1972245773362196,1.9711389318366237
193,702,9,5.262690188904886,2.1972245773362196,1.9628951541508286
194,552,9,5.267858159063328,2.1972245773362196,1.954693980157419
195,504,9,5.272999558563747,2.1972245773362196,1.9465349717692462
196,556,9,5.278114659230517,2.1972245773362196,1.9384176976217837
197,467,9,5.2832037287379885,2.1972245773362196,1.930341732936279
198,408,9,5.288267030694535,2.1972245773362196,1.922306659386372
199,746,9,5.293304824724492,2.1972245773362196,1.9143120649680707
200,812,9,5.298317366548036,2.1972245773362196,1.9063575438729803
201,773,9,5.303304908059076,2.1972245773362196,1.8984426963647074
202,417,9,5.308267697401205,2.1972245773362196,1.8905671286583132
203,597,9,5.313205979041787,2.1972245773362196,1.8827304528027629
204,014,8,5.318119993844216,2.0794415416798357,1.8749322865662439
205,380,8,5.3230099791384085,2.0794415416798357,1.8671722533243003
206,101,8,5.327876168789581,2.0794415416798357,1.8594499819506947
207,015,8,5.332718793265369,2.0794415416798357,1.8517651067108876
208,808,8,5.337538079701318,2.0794415416798357,1.8441172671581132
209,697,8,5.342334251964811,2.0794415416798357,1.83650610803193
210,804,8,5.3471075307174685,2.0794415416798357,1.8289312791591996
211,098,8,5.351858133476067,2.0794415416798357,1.8213924353574047
212,155,8,5.356586274672012,2.0794415416798357,1.8138892363402803
213,642,8,5.3612921657094255,2.0794415416798357,1.8064213466256298
214,849,8,5.365976015021851,2.0794415416798357,1.7989884354453363
215,204,8,5.3706380281276624,2.0794415416798357,1.7915901766574347
216,626,8,5.375278407684165,2.0794415416798357,1.7842262486602571
217,260,8,5.37989735354046,2.0794415416798357,1.7768963343085407
218,411,8,5.384495062789089,2.0794415416798357,1.7696001208314733
219,422,8,5.389071729816501,2.0794415416798357,1.7623372997526037
220,426,7,5.393627546352362,1.9459101490553132,1.7551075668115939
221,067,7,5.3981627015177525,1.9459101490553132,1.7479106218877316
222,093,7,5.402677381872279,1.9459101490553132,1.7407461689251669
223,603,7,5.407171771460119,1.9459101490553132,1.7336139158598467
224,219,7,5.4116460518550396,1.9459101490553132,1.7265135745480649
225,851,7,5.41610040220442,1.9459101490553132,1.7194448606966137
226,036,7,5.420534999272286,1.9459101490553132,1.7124074937944815
227,326,7,5.424950017481403,1.9459101490553132,1.7054011970460596
228,018,7,5.429345628954441,1.9459101490553132,1.6984256973058152
229,518,7,5.43372200355424,1.9459101490553132,1.691480725014392
230,323,7,5.438079308923196,1.9459101490553132,1.6845660141361094
231,267,7,5.442417710521793,1.9459101490553132,1.6776813020978132
232,930,7,5.44673737166631,1.9459101490553132,1.670826329729044
233,747,7,5.4510384535657,1.9459101490553132,1.6640008412035012
234,234,7,5.455321115357702,1.9459101490553132,1.6572045839817449
235,252,7,5.459585514144159,1.9459101490553132,1.6504373087551496
236,423,7,5.4638318050256105,1.9459101490553132,1.6436987693910012
237,401,7,5.4680601411351315,1.9459101490553132,1.6369887228788027
238,150,7,5.472270673671475,1.9459101490553132,1.6303069292776833
239,456,6,5.476463551931511,1.791759469228055,1.6236531516649073
240,791,6,5.480638923341991,1.791759469228055,1.6170271560854808
241,521,6,5.484796933490655,1.791759469228055,1.6104287115027756
242,221,6,5.488937726156687,1.791759469228055,1.6038575897502092
243,825,6,5.493061443340548,1.791759469228055,1.5973135654838906
244,019,6,5.497168225293202,1.791759469228055,1.5907964161362518
245,611,6,5.501258210544727,1.791759469228055,1.584305921870639
246,869,6,5.5053315359323625,1.791759469228055,1.5778418655368007
247,420,6,5.5093883366279774,1.791759469228055,1.5714040326273029
248,027,6,5.5134287461649825,1.791759469228055,1.5649922112348218
249,698,6,5.517452896464707,1.791759469228055,1.5586061920102807
250,049,6,5.521460917862246,1.791759469228055,1.5522457681218373
251,159,6,5.5254529391317835,1.791759469228055,1.5459107352146937
252,472,6,5.529429087511423,1.791759469228055,1.5396008913716983
253,465,6,5.53338948872752,1.791759469228055,1.5333160370747247
254,392,6,5.537334267018537,1.791759469228055,1.527055975166821
255,263,6,5.541263545158426,1.791759469228055,1.5208205108150992
256,564,6,5.545177444479562,1.791759469228055,1.514609451474346
257,346,6,5.54907608489522,1.791759469228055,1.5084226068513544
258,572,6,5.552959584921617,1.791759469228055,1.5022597888699334
259,634,5,5.556828061699537,1.6094379124341003,1.496120811636608
260,842,5,5.560681631015528,1.6094379124341003,1.4900054914069685
261,531,5,5.564520407322694,1.6094379124341003,1.4839136465526757
262,244,5,5.568344503761097,1.6094379124341003,1.4778450975290944
263,160,5,5.572154032177765,1.6094379124341003,1.4717996668435305
264,710,5,5.575949103146316,1.6094379124341003,1.4657771790240943
265,578,5,5.579729825986222,1.6094379124341003,1.4597774605891356
266,103,5,5.583496308781699,1.6094379124341003,1.4538003400172563
267,352,5,5.58724865840025,1.6094379124341003,1.4478456477178892
268,637,5,5.5909869805108565,1.6094379124341003,1.4419132160024297
269,028,5,5.594711379601839,1.6094379124341003,1.4360028790558932
270,242,5,5.598421958998375,1.6094379124341003,1.4301144729091124
271,153,5,5.602118820879701,1.6094379124341003,1.4242478354114425
272,201,5,5.605802066295998,1.6094379124341003,1.4184028062039644
273,712,5,5.60947179518496,1.6094379124341003,1.412579226693186
274,139,5,5.6131281063880705,1.6094379124341003,1.4067769400252246
275,604,5,5.616771097666572,1.6094379124341003,1.400995791060451
276,132,5,5.62040086571715,1.6094379124341003,1.3952356263486099
277,202,5,5.6240175061873385,1.6094379124341003,1.3894962941043687
278,362,5,5.627621113690637,1.6094379124341003,1.383777644183331
279,871,5,5.631211781821365,1.6094379124341003,1.378079528058457
280,600,5,5.634789603169249,1.6094379124341003,1.372401798796922
281,007,5,5.638354669333745,1.6094379124341003,1.3667443110373831
282,442,5,5.641907070938114,1.6094379124341003,1.3611069209676483
283,285,5,5.645446897643238,1.6094379124341003,1.3554894863027425
284,279,5,5.648974238161206,1.6094379124341003,1.3498918662633521
285,006,5,5.652489180268651,1.6094379124341003,1.3443139215546704
286,704,5,5.655991810819852,1.6094379124341003,1.3387555143455838
287,421,5,5.659482215759621,1.6094379124341003,1.3332165082482401
288,797,4,5.662960480135946,1.3862943611198906,1.3276967682979794
289,879,4,5.666426688112432,1.3862943611198906,1.3221961609335828
290,893,4,5.66988092298052,1.3862943611198906,1.3167145539778993
291,799,4,5.673323267171493,1.3862943611198906,1.3112518166187748
292,200,4,5.676753802268282,1.3862943611198906,1.305807819390326
293,775,4,5.680172609017068,1.3862943611198906,1.3003824341545336
294,143,4,5.683579767338681,1.3862943611198906,1.2949755340831395
295,292,4,5.68697535633982,1.3862943611198906,1.2895869936398565
296,470,4,5.69035945432406,1.3862943611198906,1.2842166885628892
297,681,4,5.6937321388027,1.3862943611198906,1.2788644958477278
298,687,4,5.697093486505405,1.3862943611198906,1.27353029373025
299,272,4,5.700443573390687,1.3862943611198906,1.2682139616700976
300,146,4,5.703782474656201,1.3862943611198906,1.262915380334336
301,643,4,5.707110264748875,1.3862943611198906,1.2576344315813746
302,910,4,5.71042701737487,1.3862943611198906,1.2523709984451674
303,192,4,5.713732805509369,1.3862943611198906,1.247124965119669
304,409,4,5.717027701406222,1.3862943611198906,1.2418962169435375
305,443,4,5.720311776607412,1.3862943611198906,1.2366846403851088
306,922,4,5.723585101952381,1.3862943611198906,1.2314901230275979
307,216,4,5.726847747587197,1.3862943611198906,1.2263125535545534
308,736,4,5.730099782973574,1.3862943611198906,1.2211518217355355
309,268,4,5.733341276897746,1.3862943611198906,1.2160078184120486
310,229,4,5.736572297479192,1.3862943611198906,1.2108804354836789
311,319,4,5.739792912179234,1.3862943611198906,1.2057695658944603
312,543,4,5.7430031878094825,1.3862943611198906,1.2006751036194672
313,912,4,5.746203190540153,1.3862943611198906,1.1955969436516245
314,899,4,5.749392985908253,1.3862943611198906,1.1905349819887032
315,096,4,5.752572638825633,1.3862943611198906,1.1854891156205536
316,081,4,5.755742213586912,1.3862943611198906,1.1804592425165268
317,029,4,5.75890177387728,1.3862943611198906,1.1754452616130866
318,322,4,5.762051382780177,1.3862943611198906,1.1704470728016343
319,502,4,5.765191102784844,1.3862943611198906,1.1654645769165146
320,903,4,5.768320995793772,1.3862943611198906,1.160497675723203
321,744,4,5.771441123130016,1.3862943611198906,1.155546271906692
322,071,4,5.7745515455444085,1.3862943611198906,1.1506102690600493
323,308,3,5.777652323222656,1.0986122886681098,1.1456895716731559
324,296,3,5.780743515792329,1.0986122886681098,1.140784085121613
325,310,3,5.783825182329737,1.0986122886681098,1.1358937156558255
326,324,3,5.786897381366708,1.0986122886681098,1.1310183703902528
327,716,3,5.7899601708972535,1.0986122886681098,1.1261579572928273
328,720,3,5.793013608384144,1.0986122886681098,1.1213123851745213
329,828,3,5.796057750765372,1.0986122886681098,1.1164815636790895
330,829,3,5.799092654460526,1.0986122886681098,1.1116654032729514
331,516,3,5.802118375377063,1.0986122886681098,1.1068638152352417
332,534,3,5.805134968916488,1.0986122886681098,1.102076711648003
333,118,3,5.808142489980444,1.0986122886681098,1.0973040053865226
334,062,3,5.811140992976701,1.0986122886681098,1.0925456101098217
335,805,3,5.814130531825066,1.0986122886681098,1.087801440251285
336,300,3,5.817111159963204,1.0986122886681098,1.0830714110094206
337,490,3,5.820082930352362,1.0986122886681098,1.0783554383387717
338,025,3,5.823045895483019,1.0986122886681098,1.0736534389409567
339,852,3,5.82600010738045,1.0986122886681098,1.0689653302558373
340,688,3,5.8289456176102075,1.0986122886681098,1.0642910304528197
341,127,3,5.831882477283517,1.0986122886681098,1.0596304584222924
342,193,3,5.834810737062605,1.0986122886681098,1.054983533767171
343,302,3,5.8377304471659395,1.0986122886681098,1.0503501767945806
344,381,3,5.840641657373398,1.0986122886681098,1.0457303085076557
345,870,3,5.84354441703136,1.0986122886681098,1.0411238505974652
346,367,3,5.846438775057725,1.0986122886681098,1.0365307254350338
347,330,3,5.849324779946859,1.0986122886681098,1.0319508560635047
348,898,3,5.8522024797744745,1.0986122886681098,1.0273841661903997
349,177,3,5.855071922202427,1.0986122886681098,1.0228305801799866
350,807,3,5.857933154483459,1.0986122886681098,1.0182900230457772
351,223,3,5.860786223465865,1.0986122886681098,1.0137624204431024
352,561,3,5.863631175598097,1.0986122886681098,1.0092476986618166
353,134,3,5.8664680569332965,1.0986122886681098,1.004745784619102
354,685,3,5.869296913133774,1.0986122886681098,1.000256605852357
355,865,3,5.872117789475416,1.0986122886681098,0.9957800905122092
356,544,3,5.87493073085203,1.0986122886681098,0.9913161673556115
357,012,3,5.877735781779639,1.0986122886681098,0.986864765739039
358,046,3,5.8805329864007,1.0986122886681098,0.98242581561178
359,286,3,5.883322388488279,1.0986122886681098,0.9779992475093238
360,278,3,5.886104031450156,1.0986122886681098,0.9735849925468347
361,560,3,5.8888779583328805,1.0986122886681098,0.9691829824127289
362,513,3,5.8916442118257715,1.0986122886681098,0.9647931493623165
363,345,3,5.8944028342648505,1.0986122886681098,0.960415426211565
364,168,3,5.8971538676367405,1.0986122886681098,0.9560497463309083
365,301,3,5.8998973535824915,1.0986122886681098,0.951696043639183
366,361,3,5.902633333401366,1.0986122886681098,0.9473542525976093
367,786,3,5.905361848054571,1.0986122886681098,0.9430243082038814
368,264,3,5.908082938168931,1.0986122886681098,0.9387061459863304
369,942,3,5.910796644040527,1.0986122886681098,0.9343997019981565
370,105,3,5.91350300563827,1.0986122886681098,0.9301049128117462
371,424,3,5.916202062607435,1.0986122886681098,0.9258217155130755
372,631,3,5.918893854273146,1.0986122886681098,0.9215500476961793
373,410,2,5.921578419643816,0.6931471805599453,0.9172898474576812
374,492,2,5.924255797414532,0.6931471805599453,0.913041053391435
375,767,2,5.926926025970411,0.6931471805599453,0.9088036045831913
376,287,2,5.929589143389895,0.6931471805599453,0.9045774406053706
377,579,2,5.932245187448011,0.6931471805599453,0.9003625015118875
378,128,2,5.934894195619588,0.6931471805599453,0.8961587278330523
379,909,2,5.937536205082426,0.6931471805599453,0.8919660605705353
380,080,2,5.940171252720432,0.6931471805599453,0.8877844411923927
381,678,2,5.942799375126701,0.6931471805599453,0.8836138116281766
382,217,2,5.945420608606575,0.6931471805599453,0.8794541142640799
383,785,2,5.948034989180646,0.6931471805599453,0.8753052919381794
384,441,2,5.950642552587727,0.6931471805599453,0.8711672879357018
385,126,2,5.953243334287785,0.6931471805599453,0.8670400459843908
386,843,2,5.955837369464831,0.6931471805599453,0.8629235102499049
387,596,2,5.958424693029782,0.6931471805599453,0.8588176253312891
388,854,2,5.961005339623274,0.6931471805599453,0.8547223362564971
389,475,2,5.963579343618446,0.6931471805599453,0.85063758847798
390,856,2,5.966146739123692,0.6931471805599453,0.8465633278683242
391,494,2,5.968707559985366,0.6931471805599453,0.8424995007159506
392,950,2,5.971261839790462,0.6931471805599453,0.8384460537208618
393,610,2,5.973809611869261,0.6931471805599453,0.8344029339904502
394,928,2,5.976350909297934,0.6931471805599453,0.8303700890353554
395,783,2,5.978885764901122,0.6931471805599453,0.8263474667653821
396,059,2,5.981414211254481,0.6931471805599453,0.8223350154854501
397,178,2,5.983936280687191,0.6931471805599453,0.8183326838916187
398,311,2,5.986452005284438,0.6931471805599453,0.8143404210671488
399,931,2,5.988961416889864,0.6931471805599453,0.8103581764786103
400,266,2,5.991464547107982,0.6931471805599453,0.8063858999720583
401,452,2,5.993961427306569,0.6931471805599453,0.8024235417692225
402,940,2,5.996452088619021,0.6931471805599453,0.7984710524637837
403,770,2,5.998936561946683,0.6931471805599453,0.794528383017667
404,294,2,6.0014148779611505,0.6931471805599453,0.7905954847573895
405,795,2,6.003887067106539,0.6931471805599453,0.7866723093704682
406,833,2,6.0063531596017325,0.6931471805599453,0.7827588089018409
407,528,2,6.008813185442595,0.6931471805599453,0.7788549357503598
408,304,2,6.0112671744041615,0.6931471805599453,0.7749606426653202
409,896,2,6.013715156042802,0.6931471805599453,0.7710758827430197
410,195,2,6.016157159698354,0.6931471805599453,0.7672006094233783
411,622,2,6.018593214496234,0.6931471805599453,0.7633347764865803
412,551,2,6.021023349349527,0.6931471805599453,0.7594783380497709
413,307,2,6.023447592961033,0.6931471805599453,0.7556312485637964
414,082,2,6.025865973825314,0.6931471805599453,0.7517934628099638
415,227,2,6.028278520230698,0.6931471805599453,0.7479649358968583
416,913,2,6.030685260261263,0.6931471805599453,0.7441456232571912
417,813,2,6.0330862217988015,0.6931471805599453,0.7403354806446867
418,262,2,6.035481432524756,0.6931471805599453,0.7365344641310081
419,627,2,6.037870919922137,0.6931471805599453,0.7327425301027191
420,810,2,6.040254711277414,0.6931471805599453,0.7289596352582759
421,908,2,6.042632833682381,0.6931471805599453,0.72518573660507
422,683,2,6.045005314036012,0.6931471805599453,0.7214207914564827
423,191,2,6.0473721790462776,0.6931471805599453,0.717664757429004
424,042,2,6.049733455231958,0.6931471805599453,0.7139175924393566
425,309,2,6.052089168924417,0.6931471805599453,0.7101792547016768
426,122,2,6.054439346269371,0.6931471805599453,0.7064497027247079
427,425,2,6.056784013228625,0.6931471805599453,0.7027288953090487
428,919,2,6.059123195581797,0.6931471805599453,0.6990167915444143
429,891,2,6.061456918928017,0.6931471805599453,0.6953133508069378
430,121,2,6.063785208687608,0.6931471805599453,0.6916185327565127
431,450,2,6.066108090103747,0.6931471805599453,0.6879322973341395
432,749,2,6.068425588244111,0.6931471805599453,0.6842546047593334
433,479,2,6.07073772800249,0.6931471805599453,0.680585415527549
434,814,2,6.073044534100405,0.6931471805599453,0.6769246904076187
435,112,2,6.075346031088684,0.6931471805599453,0.673272390439255
436,373,2,6.077642243349034,0.6931471805599453,0.6696284769305514
437,689,2,6.07993319509559,0.6931471805599453,0.6659929114555236
438,457,2,6.082218910376446,0.6931471805599453,0.6623656558516817
439,094,2,6.0844994130751715,0.6931471805599453,0.6587466722176263
440,205,2,6.0867747269123065,0.6931471805599453,0.6551359229106737
441,277,2,6.089044875446846,0.6931471805599453,0.6515333705444935
442,099,2,6.091309882077698,0.6931471805599453,0.6479389779868097
443,721,2,6.093569770045136,0.6931471805599453,0.644352708357081
444,092,2,6.095824562432225,0.6931471805599453,0.6407745250242449
445,727,2,6.09807428216624,0.6931471805599453,0.6372043916044685
446,157,2,6.100318952020064,0.6931471805599453,0.6336422719589248
447,073,2,6.102558594613569,0.6931471805599453,0.6300881301916039
448,444,2,6.104793232414985,0.6931471805599453,0.6265419306471429
449,533,2,6.1070228877422545,0.6931471805599453,0.6230036379086688
450,145,2,6.1092475827643655,0.6931471805599453,0.6194732167956918
451,343,2,6.111467339502679,0.6931471805599453,0.6159506323619919
452,299,2,6.113682179832232,0.6931471805599453,0.6124358498935596
453,291,2,6.115892125483034,0.6931471805599453,0.6089288349065232
454,901,2,6.118097198041348,0.6931471805599453,0.6054295531451377
455,351,2,6.12029741895095,0.6931471805599453,0.6019379705797654
456,732,2,6.1224928095143865,0.6931471805599453,0.5984540534048914
457,680,2,6.124683390894205,0.6931471805599453,0.5949777680371717
458,133,2,6.126869184114185,0.6931471805599453,0.5915090811134682
459,834,2,6.129050210060545,0.6931471805599453,0.5880479594889536
460,541,2,6.131226489483141,0.6931471805599453,0.5845943702351875
461,041,2,6.133398042996649,0.6931471805599453,0.5811482806382529
462,570,2,6.135564891081739,0.6931471805599453,0.5777096581968912
463,483,2,6.137727054086234,0.6931471805599453,0.5742784706206603
464,743,2,6.139884552226255,0.6931471805599453,0.570854685828122
465,517,2,6.142037405587356,0.6931471805599453,0.5674382719450346
466,328,2,6.144185634125646,0.6931471805599453,0.5640291973025775
467,933,2,6.1463292576688975,0.6931471805599453,0.5606274304355896
468,956,2,6.148468295917647,0.6931471805599453,0.5572329400808229
469,148,2,6.150602768446279,0.6931471805599453,0.5538456951752249
470,839,2,6.152732694704104,0.6931471805599453,0.5504656648542259
471,170,1,6.154858094016418,0.0,0.5470928184500572
472,050,1,6.156978985585555,0.0,0.5437271254900793
473,386,1,6.159095388491933,0.0,0.5403685556951281
474,647,1,6.161207321695077,0.0,0.5370170789778808
475,713,1,6.163314804034641,0.0,0.5336726654412498
476,766,1,6.16541785423142,0.0,0.5303352853767613
477,429,1,6.1675164908883415,0.0,0.52700490926299
478,230,1,6.169610732491456,0.0,0.5236815077639854
479,129,1,6.171700597410915,0.0,0.5203650517277207
480,857,1,6.173786103901937,0.0,0.517055512184557
481,822,1,6.175867270105761,0.0,0.5137528603457344
482,375,1,6.1779441140506,0.0,0.5104570676018536
483,835,1,6.180016653652572,0.0,0.5071681055214068
484,394,1,6.182084906716632,0.0,0.5038859458492873
485,445,1,6.184148890937483,0.0,0.5006105605053524
486,715,1,6.186208623900494,0.0,0.49734192158296864
487,117,1,6.18826412308259,0.0,0.49408000134758545
488,914,1,6.1903154058531475,0.0,0.49082477223532983
489,722,1,6.192362489474872,0.0,0.4875762068516085
490,714,1,6.194405391104672,0.0,0.48433427796971706
491,862,1,6.19644412779452,0.0,0.48109895852947737
492,115,1,6.198478716492308,0.0,0.4778702216358788
493,591,1,6.20050917404269,0.0,0.47464804055774046
494,141,1,6.202535517187923,0.0,0.47143238872638094
495,293,1,6.20455776256869,0.0,0.46822323973430535
496,546,1,6.206575926724928,0.0,0.46502056733389985
497,876,1,6.208590026096629,0.0,0.46182434543614903
498,682,1,6.210600077024653,0.0,0.4586345481093588
499,951,1,6.212606095751519,0.0,0.4554511495778879
500,601,1,6.214608098422191,0.0,0.4522741242209154
501,152,1,6.2166061010848646,0.0,0.4491034465711792
502,102,1,6.218600119691729,0.0,0.44593909131377174
503,074,1,6.220590170099739,0.0,0.442781033284918
504,327,1,6.222576268071369,0.0,0.4396292474707746
505,276,1,6.22455842927536,0.0,0.43648370900624656
506,453,1,6.226536669287466,0.0,0.433344393173801
507,646,1,6.2285110035911835,0.0,0.4302112754023124
508,020,1,6.230481447578482,0.0,0.42708433126589895
509,085,1,6.2324480165505225,0.0,0.4239635364827876
510,801,1,6.234410725718371,0.0,0.4208488669141772
511,641,1,6.236369590203704,0.0,0.4177402985631229
512,265,1,6.238324625039508,0.0,0.41463780757342406
513,051,1,6.240275845170769,0.0,0.41154137022852666
514,902,1,6.2422232654551655,0.0,0.4084509629504325
515,542,1,6.244166900663736,0.0,0.405366562298628
516,640,1,6.246106765481563,0.0,0.40228814496901144
517,430,1,6.248042874508429,0.0,0.3992156877928412
518,057,1,6.249975242259483,0.0,0.3961491677356861
519,280,1,6.251903883165888,0.0,0.3930885618963895
520,253,1,6.253828811575473,0.0,0.3900338475060465
521,599,1,6.255750041753367,0.0,0.38698500192698404
522,748,1,6.257667587882639,0.0,0.3839420026517537
523,316,1,6.259581464064923,0.0,0.3809048273021425
524,471,1,6.261491684321042,0.0,0.3778734536281725
525,811,1,6.263398262591624,0.0,0.37484785950713295
526,469,1,6.26530121273771,0.0,0.37182802294260675
527,203,1,6.267200548541362,0.0,0.36881392206351826
528,918,1,6.269096283706261,0.0,0.3658055351231724
529,303,1,6.270988431858299,0.0,0.36280284049831657
530,827,1,6.272877006546167,0.0,0.35980581668821365
531,116,1,6.274762021241939,0.0,0.35681444231371273
532,305,1,6.2766434893416445,0.0,0.3538286961163326
533,926,1,6.278521424165844,0.0,0.3508485569573665
534,863,1,6.280395838960195,0.0,0.3478740038169672
535,830,1,6.282266746896006,0.0,0.3449050157932696
536,225,1,6.284134161070802,0.0,0.3419415721015078
537,728,1,6.285998094508865,0.0,0.33898365207313397
538,172,1,6.2878585601617845,0.0,0.33603123515496947
539,576,1,6.289715570908998,0.0,0.33308430090833063
540,138,1,6.29156913955832,0.0,0.3301428290081905
541,816,1,6.293419278846481,0.0,0.3272067992423331
542,784,1,6.295266001439646,0.0,0.32427619151052056
543,639,1,6.297109319933935,0.0,0.32135098582367405
544,777,1,6.298949246855942,0.0,0.31843116230304247
545,512,1,6.300785794663244,0.0,0.31551670117940667
546,418,1,6.302618975744905,0.0,0.3126075827922641
547,826,1,6.304448802421981,0.0,0.3097037875890418
548,947,1,6.306275286948016,0.0,0.30680529612430085
549,895,1,6.3080984415095305,0.0,0.3039120890589633
550,762,1,6.309918278226516,0.0,0.30102414715952897
551,866,1,6.311734809152915,0.0,0.29814145129731173
552,044,1,6.313548046277095,0.0,0.2952639824476879
553,206,1,6.315358001522335,0.0,0.2923917216893219
554,068,1,6.317164686747284,0.0,0.28952465020344675
555,180,1,6.318968113746434,0.0,0.2866627492731002
556,628,1,6.320768294250582,0.0,0.283806000282409
557,306,1,6.322565239927284,0.0,0.280954384715848
558,778,1,6.324358962381311,0.0,0.2781078841575333
559,166,1,6.326149473155099,0.0,0.27526648029050094
560,616,1,6.327936783729195,0.0,0.2724301548959982
561,719,1,6.329720905522696,0.0,0.2695988898527908
562,952,1,6.331501849893691,0.0,0.2667726671364612
563,506,1,6.333279628139691,0.0,0.26395146881871767
564,194,1,6.335054251498059,0.0,0.26113527706672635
565,427,1,6.336825731146441,0.0,0.2583240741424149
566,458,1,6.338594078203183,0.0,0.25551784240181874
567,911,1,6.340359303727752,0.0,0.2527165642944098
568,735,1,6.342121418721152,0.0,0.24992022236243017
569,768,1,6.343880434126331,0.0,0.24712879924025977
570,761,1,6.345636360828596,0.0,0.2443422776537485
571,750,1,6.3473892096560105,0.0,0.24156064041958558
572,069,1,6.349138991379798,0.0,0.23878387044466187
573,958,1,6.35088571671474,0.0,0.23601195072543568
574,083,1,6.352629396319567,0.0,0.23324486434731817
575,859,1,6.354370040797351,0.0,0.23048259448404274
576,474,1,6.3561076606958915,0.0,0.22772512439705572
577,759,1,6.3578422665081,0.0,0.22497243743491246
578,261,1,6.359573868672378,0.0,0.22222451703266088
579,393,1,6.361302477572996,0.0,0.21948134671126063
580,532,1,6.363028103540465,0.0,0.21674291007697732
581,932,1,6.364750756851911,0.0,0.21400919082079994
582,372,1,6.366470447731438,0.0,0.21128017271785104
583,107,1,6.368187186350492,0.0,0.208555839626829
584,329,1,6.369900982828227,0.0,0.20583617548940403
585,693,1,6.371611847231857,0.0,0.2031211643296782
586,897,1,6.373319789577012,0.0,0.20041079025361164
587,344,1,6.375024819828097,0.0,0.1977050374484559
588,207,1,6.376726947898627,0.0,0.19500389018221576
589,796,1,6.3784261836515865,0.0,0.1923073328030913
590,765,1,6.380122536899765,0.0,0.18961534973893457
591,734,1,6.3818160174060985,0.0,0.1869279254967111
592,084,1,6.3835066348840055,0.0,0.18424504466196723
593,119,1,6.385194398997726,0.0,0.18156669189829344
594,684,1,6.386879319362645,0.0,0.17889285194680404
595,563,1,6.38856140554563,0.0,0.17622350962561661
596,858,1,6.39024066706535,0.0,0.17355864982932623
597,144,1,6.391917113392602,0.0,0.17089825752850274
598,872,1,6.393590753950631,0.0,0.16824231776917564
599,864,1,6.395261598115449,0.0,0.16559081567233136
600,780,1,6.396929655216146,0.0,0.1629437364334141
601,295,1,6.398594934535208,0.0,0.16030106532182842
602,836,1,6.400257445308821,0.0,0.1576627876804526
603,428,1,6.401917196727186,0.0,0.15502888892513944
604,707,1,6.403574197934815,0.0,0.15239935454424547
605,535,1,6.405228458030842,0.0,0.14977417009814253
606,894,1,6.406879986069314,0.0,0.14715332121874702
607,694,1,6.408528791059498,0.0,0.14453679360904026
608,818,1,6.410174881966167,0.0,0.14192457304261552
609,944,1,6.411818267709897,0.0,0.13931664536319488
610,123,1,6.413458957167357,0.0,0.1367129964841851
611,224,1,6.415096959171596,0.0,0.13411361238821407
612,953,1,6.416732282512326,0.0,0.1315184791266759
613,809,1,6.418364935936212,0.0,0.12892758281928351
614,466,1,6.419994928147142,0.0,0.12634090965362965
615,228,1,6.421622267806518,0.0,0.12375844588473406
616,493,1,6.423246963533519,0.0,0.12118017783461354
617,461,1,6.424869023905388,0.0,0.11860609189184146
618,251,1,6.42648845745769,0.0,0.11603617451112846
619,729,1,6.428105272684596,0.0,0.11347041221287135
620,385,1,6.429719478039138,0.0,0.11090879158275513
621,454,1,6.431331081933479,0.0,0.10835129927131959
622,338,1,6.432940092739179,0.0,0.10579792199353655
623,823,1,6.434546518787453,0.0,0.10324864652840837
624,383,1,6.436150368369428,0.0,0.10070345971854522
625,686,1,6.437751649736401,0.0,0.09816234846977068
626,793,1,6.439350371100098,0.0,0.09562529975070255
627,179,1,6.440946540632921,0.0,0.09309230059236384
628,045,1,6.4425401664681985,0.0,0.09056333808778128
629,256,1,6.444131256700441,0.0,0.08803839939158564
630,514,1,6.4457198193855785,0.0,0.08551747171963164
631,473,1,6.447305862541213,0.0,0.08300054234859644
632,718,1,6.448889394146858,0.0,0.08048759861560306
633,815,1,6.450470422144176,0.0,0.0779786279178385
634,638,1,6.452048954437226,0.0,0.07547361771216465
635,751,1,6.453624998892692,0.0,0.07297255551475423
636,571,1,6.455198563340122,0.0,0.07047542890071234
637,131,1,6.456769655572163,0.0,0.06798222550370525
638,764,1,6.45833828334479,0.0,0.06549293301559267
639,573,1,6.459904454377535,0.0,0.06300753918606361
640,451,1,6.461468176353717,0.0,0.060526031822279336
641,404,1,6.46302945692067,0.0,0.05804839878850743
642,709,1,6.464588303689961,0.0,0.05557462800576829
643,173,1,6.466144724237619,0.0,0.05310470745148521
644,106,1,6.467698726104354,0.0,0.050638625159127315
645,209,1,6.4692503167957724,0.0,0.04817636921786672
646,731,1,6.470799503782602,0.0,0.045717927772233935
647,058,1,6.472346294500901,0.0,0.0432632890217679
648,878,1,6.473890696352274,0.0,0.04081244122069094
649,925,1,6.47543271670409,0.0,0.03836537267754814
650,412,1,6.476972362889683,0.0,0.03592207175490181
651,208,1,6.478509642208569,0.0,0.03348252686897446
652,505,1,6.480044561926653,0.0,0.031046726489330823
653,363,1,6.481577129276431,0.0,0.028614659138552767
654,623,1,6.483107351457199,0.0,0.026186313391905358
655,481,1,6.484635235635252,0.0,0.023761677877027765
656,577,1,6.486160788944089,0.0,0.021340741273601083
657,733,1,6.48768401848461,0.0,0.01892349231303747
658,635,1,6.489204931325317,0.0,0.016509919778167514
659,593,1,6.490723534502507,0.0,0.014100012502922254
660,874,1,6.492239835020471,0.0,0.011693759372027657
661,855,1,6.493753839851686,0.0,0.0092911493206973
662,389,1,6.495265555937008,0.0,0.006892171334317965
663,860,1,6.4967749901858625,0.0,0.004496814448165409
664,270,1,6.498282149476434,0.0,0.0021050677470810797
665,633,1,6.499787040655854,0.0,-0.0002830796348103348
666,403,1,6.501289670540389,0.0,-0.0026676385143993286
667,402,1,6.502790045915623,0.0,-0.005048619659893561
668,586,1,6.504288173536645,0.0,-0.007426033791098519
669,325,1,6.505784060128229,0.0,-0.009799891579721276
670,271,1,6.507277712385012,0.0,-0.012170203649636946
671,763,1,6.508769136971682,0.0,-0.014536980577199543
672,602,1,6.51025834052315,0.0,-0.01690023289150311
673,620,1,6.511745329644728,0.0,-0.01925997107467481
674,348,1,6.513230110912307,0.0,-0.02161620556215027
675,342,1,6.51471269087253,0.0,-0.023968946742954245
676,875,1,6.516193076042964,0.0,-0.026318204959965286
677,290,1,6.517671272912275,0.0,-0.028663990510201742
678,075,1,6.519147287940395,0.0,-0.03100631364508466
679,907,1,6.520621127558696,0.0,-0.033345184570707787
680,026,1,6.522092798170152,0.0,-0.03568061344810047
681,340,1,6.523562306149512,0.0,-0.03801261039350656
682,376,1,6.525029657843462,0.0,-0.040341185478629527
683,723,1,6.52649485957079,0.0,-0.04266634873090247
684,547,1,6.52795791762255,0.0,-0.044988110133751036
685,629,1,6.529418838262226,0.0,-0.04730647962684209
686,701,1,6.530877627725885,0.0,-0.049621467106343076
687,725,1,6.532334292222349,0.0,-0.05193308242517425
688,281,1,6.5337888379333435,0.0,-0.054241335393266255
689,708,1,6.535241271013659,0.0,-0.05654623577779816
690,606,1,6.536691597591305,0.0,-0.0588477933034568
