SignI,SignJ,Count,Prob,PMI
718,815,1,7.011147724882563e-05,14.664252326474282
270,633,1,7.011147724882563e-05,14.664252326474282
128,857,1,7.011147724882563e-05,13.664252326474282
895,785,1,7.011147724882563e-05,13.664252326474282
266,628,1,7.011147724882563e-05,13.664252326474282
306,813,1,7.011147724882563e-05,13.664252326474282
749,479,2,0.00014022295449765126,13.664252326474282
814,084,1,7.011147724882563e-05,13.664252326474282
535,099,1,7.011147724882563e-05,13.664252326474282
251,073,1,7.011147724882563e-05,13.664252326474282
901,620,1,7.011147724882563e-05,13.664252326474282
308,809,1,7.011147724882563e-05,13.079289825753124
823,381,1,7.011147724882563e-05,13.079289825753124
561,586,1,7.011147724882563e-05,13.079289825753124
280,192,1,7.011147724882563e-05,12.664252326474282
833,528,1,7.011147724882563e-05,12.664252326474282
879,261,1,7.011147724882563e-05,12.664252326474282
295,502,1,7.011147724882563e-05,12.664252326474282
874,543,1,7.011147724882563e-05,12.664252326474282
813,541,1,7.011147724882563e-05,12.664252326474282
099,121,1,7.011147724882563e-05,12.664252326474282
646,604,1,7.011147724882563e-05,12.342324231586918
871,947,1,7.011147724882563e-05,12.342324231586918
911,006,1,7.011147724882563e-05,12.342324231586918
842,535,1,7.011147724882563e-05,12.342324231586918
600,251,1,7.011147724882563e-05,12.342324231586918
160,363,1,7.011147724882563e-05,12.342324231586918
629,279,1,7.011147724882563e-05,12.342324231586918
791,713,1,7.011147724882563e-05,12.079289825753124
775,516,2,0.00014022295449765126,12.079289825753124
825,646,1,7.011147724882563e-05,12.079289825753124
302,596,1,7.011147724882563e-05,12.079289825753124
159,057,1,7.011147724882563e-05,12.079289825753124
814,560,1,7.011147724882563e-05,12.079289825753124
572,684,1,7.011147724882563e-05,12.079289825753124
561,092,1,7.011147724882563e-05,12.079289825753124
323,316,1,7.011147724882563e-05,11.856897404416676
267,811,1,7.011147724882563e-05,11.856897404416676
018,796,1,7.011147724882563e-05,11.856897404416676
401,823,1,7.011147724882563e-05,11.856897404416676
093,340,1,7.011147724882563e-05,11.856897404416676
697,722,1,7.011147724882563e-05,11.664252326474282
292,596,1,7.011147724882563e-05,11.664252326474282
250,579,2,0.00014022295449765126,11.494327325031968
300,490,1,7.011147724882563e-05,11.494327325031968
542,250,1,7.011147724882563e-05,11.494327325031968
865,685,1,7.011147724882563e-05,11.494327325031968
560,534,1,7.011147724882563e-05,11.494327325031968
127,381,1,7.011147724882563e-05,11.494327325031968
303,353,1,7.011147724882563e-05,11.342324231586918
576,545,1,7.011147724882563e-05,11.342324231586918
132,082,1,7.011147724882563e-05,11.342324231586918
908,545,2,0.00014022295449765126,11.342324231586918
442,425,1,7.011147724882563e-05,11.342324231586918
244,277,1,7.011147724882563e-05,11.342324231586918
340,924,1,7.011147724882563e-05,11.342324231586918
145,139,1,7.011147724882563e-05,11.342324231586918
336,827,1,7.011147724882563e-05,11.204820707836983
190,751,1,7.011147724882563e-05,11.204820707836983
293,360,1,7.011147724882563e-05,11.079289825753124
797,688,1,7.011147724882563e-05,11.079289825753124
516,775,1,7.011147724882563e-05,11.079289825753124
794,734,1,7.011147724882563e-05,11.079289825753124
572,683,1,7.011147724882563e-05,11.079289825753124
794,732,2,0.00014022295449765126,11.079289825753124
381,292,1,7.011147724882563e-05,11.079289825753124
907,161,1,7.011147724882563e-05,11.079289825753124
890,417,8,0.000560891817990605,11.034895706394671
792,102,1,7.011147724882563e-05,10.963812608333189
792,085,1,7.011147724882563e-05,10.963812608333189
063,051,1,7.011147724882563e-05,10.963812608333189
453,064,1,7.011147724882563e-05,10.856897404416676
596,018,1,7.011147724882563e-05,10.856897404416676
072,170,1,7.011147724882563e-05,10.757361730865762
153,118,1,7.011147724882563e-05,10.757361730865762
065,599,1,7.011147724882563e-05,10.757361730865762
065,826,1,7.011147724882563e-05,10.757361730865762
111,166,1,7.011147724882563e-05,10.757361730865762
065,393,1,7.011147724882563e-05,10.757361730865762
532,297,1,7.011147724882563e-05,10.757361730865762
065,864,1,7.011147724882563e-05,10.757361730865762
065,123,1,7.011147724882563e-05,10.757361730865762
345,279,1,7.011147724882563e-05,10.757361730865762
338,605,1,7.011147724882563e-05,10.757361730865762
855,297,1,7.011147724882563e-05,10.757361730865762
111,606,1,7.011147724882563e-05,10.757361730865762
101,908,1,7.011147724882563e-05,10.664252326474282
372,374,1,7.011147724882563e-05,10.664252326474282
906,329,1,7.011147724882563e-05,10.664252326474282
081,272,1,7.011147724882563e-05,10.664252326474282
940,260,1,7.011147724882563e-05,10.664252326474282
374,228,1,7.011147724882563e-05,10.664252326474282
492,015,1,7.011147724882563e-05,10.664252326474282
143,096,1,7.011147724882563e-05,10.664252326474282
903,903,1,7.011147724882563e-05,10.664252326474282
411,956,1,7.011147724882563e-05,10.664252326474282
748,530,1,7.011147724882563e-05,10.57678948522394
128,702,1,7.011147724882563e-05,10.494327325031968
066,942,3,0.0002103344317464769,10.494327325031968
723,066,1,7.011147724882563e-05,10.494327325031968
392,631,1,7.011147724882563e-05,10.494327325031968
272,637,1,7.011147724882563e-05,10.342324231586918
600,143,1,7.011147724882563e-05,10.342324231586918
871,192,1,7.011147724882563e-05,10.342324231586918
880,689,1,7.011147724882563e-05,10.342324231586918
292,352,1,7.011147724882563e-05,10.342324231586918
382,878,1,7.011147724882563e-05,10.27193490369552
515,126,1,7.011147724882563e-05,10.204820707836983
877,225,1,7.011147724882563e-05,10.204820707836983
092,625,1,7.011147724882563e-05,10.204820707836983
500,209,1,7.011147724882563e-05,10.140690370417268
243,950,1,7.011147724882563e-05,10.079289825753124
311,243,1,7.011147724882563e-05,10.079289825753124
148,794,1,7.011147724882563e-05,10.079289825753124
442,279,1,7.011147724882563e-05,10.020396136699556
842,871,1,7.011147724882563e-05,10.020396136699556
337,484,7,0.0004907803407417794,9.963812608333189
762,463,1,7.011147724882563e-05,9.963812608333189
727,317,1,7.011147724882563e-05,9.963812608333189
063,444,1,7.011147724882563e-05,9.963812608333189
534,556,1,7.011147724882563e-05,9.909364824310812
143,067,1,7.011147724882563e-05,9.856897404416676
304,354,1,7.011147724882563e-05,9.856897404416676
844,627,1,7.011147724882563e-05,9.856897404416676
081,518,1,7.011147724882563e-05,9.856897404416676
294,844,1,7.011147724882563e-05,9.856897404416676
268,252,1,7.011147724882563e-05,9.856897404416676
036,029,1,7.011147724882563e-05,9.856897404416676
056,091,8,0.000560891817990605,9.818762275529906
512,495,1,7.011147724882563e-05,9.806271331346709
909,540,1,7.011147724882563e-05,9.757361730865762
111,833,1,7.011147724882563e-05,9.757361730865762
257,898,1,7.011147724882563e-05,9.757361730865762
680,297,1,7.011147724882563e-05,9.757361730865762
065,834,1,7.011147724882563e-05,9.757361730865762
544,353,1,7.011147724882563e-05,9.757361730865762
165,763,1,7.011147724882563e-05,9.710056016087405
342,632,1,7.011147724882563e-05,9.710056016087405
409,015,1,7.011147724882563e-05,9.664252326474282
374,309,1,7.011147724882563e-05,9.664252326474282
380,899,1,7.011147724882563e-05,9.664252326474282
411,411,2,0.00014022295449765126,9.664252326474282
301,190,1,7.011147724882563e-05,9.619858207115827
365,287,1,7.011147724882563e-05,9.57678948522394
299,530,1,7.011147724882563e-05,9.57678948522394
480,306,1,7.011147724882563e-05,9.534969309529314
521,521,1,7.011147724882563e-05,9.494327325031968
794,324,1,7.011147724882563e-05,9.494327325031968
070,253,1,7.011147724882563e-05,9.416324813030695
336,018,2,0.00014022295449765126,9.39746578577938
463,513,2,0.00014022295449765126,9.378850107612033
317,688,1,7.011147724882563e-05,9.378850107612033
924,146,1,7.011147724882563e-05,9.342324231586918
015,600,1,7.011147724882563e-05,9.342324231586918
401,698,1,7.011147724882563e-05,9.27193490369552
252,791,1,7.011147724882563e-05,9.27193490369552
221,150,1,7.011147724882563e-05,9.27193490369552
301,354,1,7.011147724882563e-05,9.27193490369552
154,896,2,0.00014022295449765126,9.204820707836983
409,190,1,7.011147724882563e-05,9.204820707836983
474,013,1,7.011147724882563e-05,9.204820707836983
013,547,1,7.011147724882563e-05,9.204820707836983
308,072,1,7.011147724882563e-05,9.172399230144606
716,605,1,7.011147724882563e-05,9.172399230144606
811,832,1,7.011147724882563e-05,9.172399230144606
256,832,1,7.011147724882563e-05,9.172399230144606
746,442,1,7.011147724882563e-05,9.172399230144606
442,556,1,7.011147724882563e-05,9.172399230144606
167,704,2,0.00014022295449765126,9.172399230144606
500,541,1,7.011147724882563e-05,9.140690370417268
310,350,3,0.0002103344317464769,9.079289825753126
374,308,1,7.011147724882563e-05,9.079289825753124
177,519,1,7.011147724882563e-05,9.079289825753124
350,895,1,7.011147724882563e-05,9.079289825753124
360,268,1,7.011147724882563e-05,9.079289825753124
350,761,1,7.011147724882563e-05,9.079289825753124
204,346,1,7.011147724882563e-05,9.079289825753124
374,310,1,7.011147724882563e-05,9.079289825753124
595,641,1,7.011147724882563e-05,9.049542482359072
816,595,1,7.011147724882563e-05,9.049542482359072
252,326,1,7.011147724882563e-05,9.049542482359072
267,150,1,7.011147724882563e-05,9.049542482359072
595,342,1,7.011147724882563e-05,9.049542482359072
924,132,1,7.011147724882563e-05,9.020396136699556
842,391,1,7.011147724882563e-05,9.020396136699556
790,290,1,7.011147724882563e-05,9.020396136699556
711,335,18,0.0012620065904788613,9.015595150435734
296,530,1,7.011147724882563e-05,8.991826984502785
490,999,1,7.011147724882563e-05,8.991826984502785
365,278,1,7.011147724882563e-05,8.991826984502785
530,786,1,7.011147724882563e-05,8.991826984502785
035,171,17,0.0011918951132300357,8.98684357698853
697,510,2,0.00014022295449765126,8.963812608333189
317,272,1,7.011147724882563e-05,8.963812608333189
072,219,2,0.00014022295449765126,8.950006808808158
682,413,1,7.011147724882563e-05,8.936331871911081
130,511,3,0.0002103344317464769,8.927286732308074
298,465,1,7.011147724882563e-05,8.909364824310812
521,702,1,7.011147724882563e-05,8.909364824310812
850,493,1,7.011147724882563e-05,8.909364824310812
