Sign,DocFrequency,Degree,WeightedDegree,DegreeCentrality,Betweenness,PageRank,Community,FunctionalClass,IsBridge
002,821,37,50.835,0.117,0.1255,0.066558,C2,SLOT_MODIFIER,False
032,496,20,48.525,0.063,0.0509,0.027641,C5,SLOT_MODIFIER,False
220,437,25,39.196,0.079,0.0643,0.023021,C8,SLOT_MODIFIER,False
740,1752,52,46.348,0.164,0.2040,0.020448,C15,TERMINAL,False
060,218,16,43.667,0.050,0.0294,0.019199,C11,SLOT_MODIFIER,False
741,215,29,70.238,0.091,0.0891,0.018815,C12,SLOT_MODIFIER,False
031,239,11,26.365,0.035,0.0183,0.018613,C9,FORMULA_MARKER,False
240,345,25,46.901,0.079,0.0413,0.018356,C11,SLOT_MODIFIER,False
001,208,29,69.457,0.091,0.0845,0.018207,C14,SLOT_MODIFIER,False
033,443,15,27.818,0.047,0.0193,0.017934,C5,SLOT_MODIFIER,False
820,220,8,12.722,0.025,0.0117,0.016983,C14,CLASSIFIER,False
861,261,11,29.970,0.035,0.0227,0.016876,C0,CLASSIFIER,False
003,240,10,30.937,0.032,0.0213,0.016612,C1,FORMULA_MARKER,False
817,211,8,17.956,0.025,0.0073,0.015903,C12,CLASSIFIER,False
235,246,21,43.499,0.066,0.0321,0.015032,C7,FORMULA_MARKER,False
705,212,23,54.596,0.073,0.0486,0.014479,C7,SLOT_MODIFIER,False
920,149,22,62.873,0.069,0.0384,0.011644,C8,FORMULA_MARKER,False
233,191,21,39.804,0.066,0.0406,0.010890,C7,SLOT_MODIFIER,False
590,222,22,48.707,0.069,0.0447,0.009991,C8,SLOT_MODIFIER,False
700,508,6,10.674,0.019,0.0081,0.009296,C5,ROOT_OR_UNRESOLVED,False
140,105,10,28.255,0.032,0.0179,0.009123,C0,FORMULA_MARKER,False
803,131,17,34.059,0.054,0.0145,0.008211,C8,SLOT_MODIFIER,False
415,173,15,35.798,0.047,0.0122,0.008068,C8,ROOT_OR_UNRESOLVED,False
368,115,15,45.612,0.047,0.0367,0.007438,C12,ROOT_OR_UNRESOLVED,False
840,119,11,35.094,0.035,0.0168,0.007254,C3,ROOT_OR_UNRESOLVED,False
706,100,10,30.041,0.032,0.0166,0.007242,C6,ROOT_OR_UNRESOLVED,False
390,259,15,29.981,0.047,0.0350,0.007225,C12,FORMULA_MARKER,False
255,134,15,37.956,0.047,0.0123,0.006691,C8,ROOT_OR_UNRESOLVED,False
900,109,13,37.407,0.041,0.0383,0.006664,C7,ROOT_OR_UNRESOLVED,False
806,131,21,65.986,0.066,0.0456,0.006610,C9,FORMULA_MARKER,False
550,114,7,20.121,0.022,0.0075,0.006550,C7,ROOT_OR_UNRESOLVED,False
798,147,17,36.112,0.054,0.0241,0.006320,C15,SLOT_MODIFIER,False
692,71,9,31.492,0.028,0.0117,0.005522,C11,ROOT_OR_UNRESOLVED,False
231,93,12,29.062,0.038,0.0132,0.005394,C14,ROOT_OR_UNRESOLVED,False
350,48,14,58.199,0.044,0.0339,0.005377,C10,ROOT_OR_UNRESOLVED,False
061,91,10,27.404,0.032,0.0087,0.005353,C11,ROOT_OR_UNRESOLVED,False
503,81,7,25.590,0.022,0.0076,0.004912,C15,ROOT_OR_UNRESOLVED,False
125,59,10,36.055,0.032,0.0221,0.004848,C10,ROOT_OR_UNRESOLVED,False
004,88,7,20.527,0.022,0.0168,0.004804,C12,ROOT_OR_UNRESOLVED,False
090,176,26,73.139,0.082,0.0719,0.004750,C12,SLOT_MODIFIER,False
892,80,13,51.437,0.041,0.0197,0.004728,C2,ROOT_OR_UNRESOLVED,False
575,78,9,30.307,0.028,0.0067,0.004719,C5,ROOT_OR_UNRESOLVED,False
176,210,9,22.766,0.028,0.0225,0.004576,C0,ROOT_OR_UNRESOLVED,False
013,43,4,9.261,0.013,0.0019,0.004356,C3,ROOT_OR_UNRESOLVED,False
491,16,3,12.837,0.009,0.0003,0.004286,C5,Unknown,False
850,52,14,50.966,0.044,0.0168,0.004226,C14,ROOT_OR_UNRESOLVED,False
142,79,9,35.422,0.028,0.0035,0.004222,C14,ROOT_OR_UNRESOLVED,False
742,47,9,31.031,0.028,0.0182,0.004205,C1,ROOT_OR_UNRESOLVED,False
595,47,17,63.989,0.054,0.0198,0.004118,C14,ROOT_OR_UNRESOLVED,False
413,53,8,31.521,0.025,0.0048,0.004046,C5,ROOT_OR_UNRESOLVED,False
407,126,28,78.870,0.088,0.0550,0.003985,C8,ROOT_OR_UNRESOLVED,False
520,309,22,45.288,0.069,0.0353,0.003888,C4,TERMINAL,False
405,113,11,30.104,0.035,0.0149,0.003857,C4,ROOT_OR_UNRESOLVED,False
017,82,9,29.493,0.028,0.0102,0.003819,C14,ROOT_OR_UNRESOLVED,False
100,133,11,21.699,0.035,0.0138,0.003817,C0,SLOT_MODIFIER,False
388,57,9,33.984,0.028,0.0149,0.003463,C7,ROOT_OR_UNRESOLVED,False
034,150,1,2.938,0.003,0.0000,0.003440,C5,ROOT_OR_UNRESOLVED,False
055,60,12,35.051,0.038,0.0209,0.003392,C12,ROOT_OR_UNRESOLVED,False
690,113,19,54.377,0.060,0.0328,0.003386,C8,ROOT_OR_UNRESOLVED,False
416,48,7,16.006,0.022,0.0131,0.003296,C3,ROOT_OR_UNRESOLVED,False
005,48,3,7.116,0.009,0.0006,0.003197,C7,ROOT_OR_UNRESOLVED,False
717,53,9,27.775,0.028,0.0148,0.003108,C0,ROOT_OR_UNRESOLVED,False
632,29,3,13.166,0.009,0.0067,0.003031,C10,ROOT_OR_UNRESOLVED,False
016,47,5,14.160,0.016,0.0033,0.003029,C3,ROOT_OR_UNRESOLVED,False
832,43,4,10.623,0.013,0.0009,0.002972,C4,ROOT_OR_UNRESOLVED,False
615,68,6,21.315,0.019,0.0098,0.002889,C15,ROOT_OR_UNRESOLVED,False
480,34,7,29.518,0.022,0.0068,0.002816,C14,ROOT_OR_UNRESOLVED,False
904,61,6,16.913,0.019,0.0067,0.002806,C9,ROOT_OR_UNRESOLVED,False
440,46,6,18.082,0.019,0.0094,0.002779,C3,ROOT_OR_UNRESOLVED,False
435,74,6,18.297,0.019,0.0054,0.002765,C8,ROOT_OR_UNRESOLVED,False
617,74,11,39.761,0.035,0.0098,0.002742,C14,ROOT_OR_UNRESOLVED,False
320,20,3,10.374,0.009,0.0003,0.002708,C8,ROOT_OR_UNRESOLVED,False
845,55,11,37.233,0.035,0.0054,0.002679,C7,ROOT_OR_UNRESOLVED,False
104,25,8,29.578,0.025,0.0087,0.002546,C1,ROOT_OR_UNRESOLVED,False
495,28,5,22.440,0.016,0.0067,0.002508,C15,ROOT_OR_UNRESOLVED,False
455,42,6,24.992,0.019,0.0151,0.002500,C12,ROOT_OR_UNRESOLVED,False
318,13,10,45.309,0.032,0.0008,0.002310,C8,Unknown,False
091,22,7,38.226,0.022,0.0025,0.002307,C2,ROOT_OR_UNRESOLVED,False
500,23,8,26.690,0.025,0.0049,0.002265,C12,ROOT_OR_UNRESOLVED,False
165,30,4,18.160,0.013,0.0128,0.002217,C2,ROOT_OR_UNRESOLVED,False
400,475,25,59.127,0.079,0.0849,0.002206,C9,TERMINAL,False
760,134,17,48.511,0.054,0.0413,0.002153,C3,SLOT_MODIFIER,False
130,16,3,17.372,0.009,0.0003,0.002092,C11,Unknown,False
175,26,4,9.184,0.013,0.0004,0.002042,C15,ROOT_OR_UNRESOLVED,False
297,15,3,12.906,0.009,0.0012,0.002032,C10,ROOT_OR_UNRESOLVED,False
999,16,1,4.548,0.003,0.0000,0.002029,C1,Unknown,False
775,4,2,12.959,0.006,0.0063,0.001958,C9,Unknown,False
516,3,1,10.133,0.003,0.0000,0.001950,C9,Unknown,False
630,36,3,10.410,0.009,0.0054,0.001940,C6,ROOT_OR_UNRESOLVED,False
790,47,4,12.402,0.013,0.0005,0.001936,C0,ROOT_OR_UNRESOLVED,False
066,18,3,14.945,0.009,0.0004,0.001923,C12,ROOT_OR_UNRESOLVED,False
645,24,7,22.644,0.022,0.0095,0.001915,C1,ROOT_OR_UNRESOLVED,False
530,14,2,6.349,0.006,0.0004,0.001914,C1,ROOT_OR_UNRESOLVED,False
070,36,9,29.664,0.028,0.0122,0.001873,C4,ROOT_OR_UNRESOLVED,False
585,59,11,25.707,0.035,0.0141,0.001856,C14,ROOT_OR_UNRESOLVED,False
460,39,8,29.592,0.025,0.0114,0.001821,C15,ROOT_OR_UNRESOLVED,False
545,10,2,11.748,0.006,0.0000,0.001798,C12,ROOT_OR_UNRESOLVED,False
171,27,6,24.078,0.019,0.0048,0.001756,C11,ROOT_OR_UNRESOLVED,False
463,24,8,32.096,0.025,0.0155,0.001719,C15,ROOT_OR_UNRESOLVED,False
190,11,5,18.599,0.016,0.0021,0.001687,C10,ROOT_OR_UNRESOLVED,False
877,21,3,9.175,0.009,0.0073,0.001624,C5,ROOT_OR_UNRESOLVED,False
335,43,8,30.850,0.025,0.0053,0.001593,C5,ROOT_OR_UNRESOLVED,False
347,10,4,13.888,0.013,0.0002,0.001593,C12,ROOT_OR_UNRESOLVED,False
374,16,1,4.548,0.003,0.0000,0.001571,C10,ROOT_OR_UNRESOLVED,False
384,31,3,4.872,0.009,0.0025,0.001566,C9,ROOT_OR_UNRESOLVED,False
906,16,3,10.770,0.009,0.0022,0.001455,C7,ROOT_OR_UNRESOLVED,False
605,15,2,6.250,0.006,0.0013,0.001428,C3,ROOT_OR_UNRESOLVED,False
360,10,1,2.668,0.003,0.0000,0.001400,C7,ROOT_OR_UNRESOLVED,False
905,13,4,21.360,0.013,0.0004,0.001375,C14,Unknown,False
501,31,4,14.944,0.013,0.0000,0.001368,C4,ROOT_OR_UNRESOLVED,False
484,13,4,22.655,0.013,0.0013,0.001366,C7,ROOT_OR_UNRESOLVED,False
510,13,3,17.598,0.009,0.0005,0.001358,C15,ROOT_OR_UNRESOLVED,False
065,15,1,2.455,0.003,0.0000,0.001350,C8,ROOT_OR_UNRESOLVED,False
035,29,4,17.110,0.013,0.0019,0.001317,C11,Unknown,False
831,18,4,14.587,0.013,0.0046,0.001295,C2,ROOT_OR_UNRESOLVED,False
095,29,11,39.475,0.035,0.0104,0.001282,C14,ROOT_OR_UNRESOLVED,False
853,11,2,6.918,0.006,0.0003,0.001265,C3,Unknown,False
924,10,3,14.053,0.009,0.0005,0.001242,C1,ROOT_OR_UNRESOLVED,False
625,9,2,9.026,0.006,0.0002,0.001224,C5,ROOT_OR_UNRESOLVED,False
250,9,3,15.452,0.009,0.0013,0.001204,C12,ROOT_OR_UNRESOLVED,False
192,3,1,4.703,0.003,0.0000,0.001184,C12,ROOT_OR_UNRESOLVED,False
711,21,5,23.486,0.016,0.0001,0.001163,C5,Unknown,False
111,14,1,4.419,0.003,0.0000,0.001145,C2,ROOT_OR_UNRESOLVED,False
880,10,1,1.937,0.003,0.0000,0.001132,C2,ROOT_OR_UNRESOLVED,False
468,10,2,11.259,0.006,0.0000,0.001101,C9,ROOT_OR_UNRESOLVED,False
824,29,4,19.008,0.013,0.0008,0.001095,C5,ROOT_OR_UNRESOLVED,False
812,9,3,10.824,0.009,0.0008,0.001080,C10,ROOT_OR_UNRESOLVED,False
794,12,3,17.001,0.009,0.0008,0.001080,C6,ROOT_OR_UNRESOLVED,False
354,14,3,10.814,0.009,0.0015,0.001074,C15,ROOT_OR_UNRESOLVED,False
317,12,5,21.374,0.016,0.0062,0.001060,C5,Unknown,False
365,16,3,10.914,0.009,0.0020,0.001055,C15,ROOT_OR_UNRESOLVED,False
018,6,1,7.089,0.003,0.0000,0.001049,C6,Unknown,False
056,10,5,31.964,0.016,0.0008,0.001043,C2,ROOT_OR_UNRESOLVED,False
236,25,2,2.798,0.006,0.0042,0.001037,C9,ROOT_OR_UNRESOLVED,False
371,11,2,5.904,0.006,0.0000,0.001029,C12,ROOT_OR_UNRESOLVED,False
467,9,3,15.111,0.009,0.0001,0.001024,C9,ROOT_OR_UNRESOLVED,False
243,12,3,12.344,0.009,0.0014,0.001019,C14,ROOT_OR_UNRESOLVED,False
921,14,5,19.886,0.016,0.0021,0.001009,C4,ROOT_OR_UNRESOLVED,False
482,41,7,19.701,0.022,0.0057,0.001001,C11,ROOT_OR_UNRESOLVED,False
752,53,5,18.494,0.016,0.0004,0.000999,C15,ROOT_OR_UNRESOLVED,False
703,12,1,4.046,0.003,0.0000,0.000986,C15,ROOT_OR_UNRESOLVED,False
269,11,2,9.257,0.006,0.0002,0.000975,C11,ROOT_OR_UNRESOLVED,False
156,97,7,21.836,0.022,0.0098,0.000953,C1,TERMINAL,False
903,3,1,3.606,0.003,0.0000,0.000950,C7,ROOT_OR_UNRESOLVED,False
315,11,3,14.139,0.009,0.0010,0.000937,C3,ROOT_OR_UNRESOLVED,False
890,11,5,31.414,0.016,0.0008,0.000936,C2,Unknown,False
260,8,3,8.643,0.009,0.0008,0.000920,C12,ROOT_OR_UNRESOLVED,False
417,9,5,32.572,0.016,0.0008,0.000918,C2,Unknown,False
637,5,1,2.504,0.003,0.0000,0.000917,C9,ROOT_OR_UNRESOLVED,False
511,10,3,15.925,0.009,0.0019,0.000913,C11,ROOT_OR_UNRESOLVED,False
310,3,1,6.548,0.003,0.0000,0.000911,C10,Unknown,False
923,43,3,6.795,0.009,0.0019,0.000911,C6,ROOT_OR_UNRESOLVED,False
151,87,7,26.252,0.022,0.0107,0.000909,C12,TERMINAL,False
597,9,4,23.025,0.013,0.0004,0.000909,C14,Unknown,False
380,8,4,22.720,0.013,0.0019,0.000907,C7,ROOT_OR_UNRESOLVED,False
222,17,3,7.142,0.009,0.0000,0.000907,C7,ROOT_OR_UNRESOLVED,False
838,17,6,17.670,0.019,0.0051,0.000899,C15,ROOT_OR_UNRESOLVED,False
072,15,3,15.185,0.009,0.0001,0.000876,C4,ROOT_OR_UNRESOLVED,False
527,63,12,39.536,0.038,0.0239,0.000874,C7,TERMINAL,False
518,7,1,4.349,0.003,0.0000,0.000870,C7,ROOT_OR_UNRESOLVED,False
502,4,5,17.833,0.016,0.0045,0.000867,C9,ROOT_OR_UNRESOLVED,False
323,7,1,4.506,0.003,0.0000,0.000846,C8,Unknown,False
391,10,5,27.600,0.016,0.0000,0.000845,C14,Unknown,False
849,8,2,11.882,0.006,0.0000,0.000821,C1,ROOT_OR_UNRESOLVED,False
257,9,1,3.653,0.003,0.0000,0.000817,C3,ROOT_OR_UNRESOLVED,False
370,10,1,3.834,0.003,0.0000,0.000812,C7,ROOT_OR_UNRESOLVED,False
746,9,1,3.571,0.003,0.0000,0.000802,C8,ROOT_OR_UNRESOLVED,False
406,11,3,12.940,0.009,0.0011,0.000793,C1,ROOT_OR_UNRESOLVED,False
063,13,2,9.751,0.006,0.0003,0.000789,C3,ROOT_OR_UNRESOLVED,False
603,7,4,13.682,0.013,0.0014,0.000787,C11,ROOT_OR_UNRESOLVED,False
821,13,5,25.443,0.016,0.0000,0.000773,C14,ROOT_OR_UNRESOLVED,False
150,5,3,14.462,0.009,0.0005,0.000772,C4,ROOT_OR_UNRESOLVED,False
382,16,2,7.231,0.006,0.0003,0.000770,C3,ROOT_OR_UNRESOLVED,False
408,9,1,4.089,0.003,0.0000,0.000770,C12,Unknown,False
465,6,2,11.421,0.006,0.0000,0.000760,C9,Unknown,False
226,34,4,7.631,0.013,0.0022,0.000755,C5,ROOT_OR_UNRESOLVED,False
027,6,3,7.516,0.009,0.0027,0.000748,C5,Unknown,False
436,17,10,42.795,0.032,0.0008,0.000729,C8,Unknown,False
067,7,1,3.558,0.003,0.0000,0.000726,C7,ROOT_OR_UNRESOLVED,False
096,3,1,3.520,0.003,0.0000,0.000724,C0,Unknown,False
263,6,1,3.703,0.003,0.0000,0.000721,C12,ROOT_OR_UNRESOLVED,False
353,8,2,7.865,0.006,0.0009,0.000718,C15,ROOT_OR_UNRESOLVED,False
519,16,2,10.882,0.006,0.0000,0.000716,C1,ROOT_OR_UNRESOLVED,False
572,6,3,11.176,0.009,0.0011,0.000714,C12,ROOT_OR_UNRESOLVED,False
942,3,3,19.378,0.009,0.0004,0.000708,C12,Unknown,False
636,22,4,10.731,0.013,0.0027,0.000706,C11,ROOT_OR_UNRESOLVED,False
322,4,1,3.914,0.003,0.0000,0.000706,C8,ROOT_OR_UNRESOLVED,False
472,5,3,15.977,0.009,0.0001,0.000700,C9,ROOT_OR_UNRESOLVED,False
844,13,1,3.586,0.003,0.0000,0.000699,C12,ROOT_OR_UNRESOLVED,False
352,5,1,2.504,0.003,0.0000,0.000685,C9,Unknown,False
747,7,5,22.303,0.016,0.0007,0.000682,C14,Unknown,False
201,5,1,4.365,0.003,0.0000,0.000680,C11,ROOT_OR_UNRESOLVED,False
272,4,2,6.941,0.006,0.0002,0.000680,C7,ROOT_OR_UNRESOLVED,False
552,9,3,11.364,0.009,0.0007,0.000678,C3,Unknown,False
578,5,3,14.831,0.009,0.0005,0.000673,C5,Unknown,False
028,5,2,5.361,0.006,0.0017,0.000672,C5,Unknown,False
321,15,5,22.948,0.016,0.0002,0.000670,C7,ROOT_OR_UNRESOLVED,False
504,9,4,15.117,0.013,0.0008,0.000666,C10,ROOT_OR_UNRESOLVED,False
687,4,1,4.898,0.003,0.0000,0.000665,C8,Unknown,False
689,2,1,3.362,0.003,0.0000,0.000660,C8,ROOT_OR_UNRESOLVED,False
326,6,2,8.402,0.006,0.0003,0.000659,C4,ROOT_OR_UNRESOLVED,False
634,5,1,3.966,0.003,0.0000,0.000658,C12,ROOT_OR_UNRESOLVED,False
543,4,2,9.566,0.006,0.0008,0.000656,C10,ROOT_OR_UNRESOLVED,False
851,7,5,24.986,0.016,0.0023,0.000647,C1,ROOT_OR_UNRESOLVED,False
268,4,1,4.652,0.003,0.0000,0.000644,C3,ROOT_OR_UNRESOLVED,False
792,12,2,4.184,0.006,0.0000,0.000643,C12,ROOT_OR_UNRESOLVED,False
579,2,2,13.348,0.006,0.0004,0.000640,C12,ROOT_OR_UNRESOLVED,False
776,11,1,6.188,0.003,0.0000,0.000620,C15,Unknown,False
244,5,1,5.904,0.003,0.0000,0.000608,C2,ROOT_OR_UNRESOLVED,False
097,20,4,15.580,0.013,0.0045,0.000607,C12,ROOT_OR_UNRESOLVED,False
420,5,2,9.939,0.006,0.0001,0.000606,C14,ROOT_OR_UNRESOLVED,False
533,2,2,10.510,0.006,0.0003,0.000604,C0,ROOT_OR_UNRESOLVED,False
337,13,2,8.657,0.006,0.0010,0.000601,C7,ROOT_OR_UNRESOLVED,False
555,23,6,23.676,0.019,0.0032,0.000600,C7,ROOT_OR_UNRESOLVED,False
121,2,1,4.232,0.003,0.0000,0.000592,C9,ROOT_OR_UNRESOLVED,False
285,5,1,2.130,0.003,0.0000,0.000591,C2,ROOT_OR_UNRESOLVED,False
621,22,1,1.979,0.003,0.0000,0.000590,C12,ROOT_OR_UNRESOLVED,False
679,17,5,13.107,0.016,0.0016,0.000584,C5,ROOT_OR_UNRESOLVED,False
922,4,1,5.741,0.003,0.0000,0.000581,C12,ROOT_OR_UNRESOLVED,False
799,4,2,9.890,0.006,0.0000,0.000579,C3,Unknown,False
683,2,1,4.674,0.003,0.0000,0.000573,C12,ROOT_OR_UNRESOLVED,False
298,8,2,8.727,0.006,0.0002,0.000567,C10,Unknown,False
554,15,2,10.945,0.006,0.0002,0.000562,C7,ROOT_OR_UNRESOLVED,False
421,5,4,18.506,0.013,0.0012,0.000560,C0,Unknown,False
167,18,3,14.103,0.009,0.0064,0.000558,C6,ROOT_OR_UNRESOLVED,False
324,3,1,3.848,0.003,0.0000,0.000556,C14,ROOT_OR_UNRESOLVED,False
161,12,2,9.453,0.006,0.0004,0.000553,C12,ROOT_OR_UNRESOLVED,False
479,2,1,11.133,0.003,0.0000,0.000553,C13,Unknown,False
786,3,1,3.848,0.003,0.0000,0.000553,C14,ROOT_OR_UNRESOLVED,False
561,3,1,4.571,0.003,0.0000,0.000547,C8,ROOT_OR_UNRESOLVED,False
155,8,1,3.685,0.003,0.0000,0.000547,C9,ROOT_OR_UNRESOLVED,False
158,39,9,43.682,0.028,0.0067,0.000546,C9,Unknown,False
470,4,2,10.532,0.006,0.0000,0.000542,C9,Unknown,False
081,4,1,3.385,0.003,0.0000,0.000542,C12,ROOT_OR_UNRESOLVED,False
704,5,1,6.641,0.003,0.0000,0.000542,C6,Unknown,False
611,5,1,3.615,0.003,0.0000,0.000541,C14,Unknown,False
219,7,2,9.473,0.006,0.0000,0.000541,C4,ROOT_OR_UNRESOLVED,False
330,3,5,20.893,0.016,0.0025,0.000540,C12,Unknown,False
267,7,1,5.156,0.003,0.0000,0.000533,C4,Unknown,False
515,10,1,2.540,0.003,0.0000,0.000528,C4,Unknown,False
901,2,1,3.179,0.003,0.0000,0.000526,C5,Unknown,False
025,3,1,3.179,0.003,0.0000,0.000523,C5,Unknown,False
336,11,3,14.552,0.009,0.0063,0.000507,C6,Unknown,False
367,3,1,3.520,0.003,0.0000,0.000503,C0,ROOT_OR_UNRESOLVED,False
411,6,1,5.025,0.003,0.0000,0.000503,C3,Unknown,False
732,2,2,12.887,0.006,0.0010,0.000503,C6,Unknown,False
296,3,1,5.963,0.003,0.0000,0.000501,C10,Unknown,False
592,9,4,13.849,0.013,0.0028,0.000500,C9,ROOT_OR_UNRESOLVED,False
215,10,1,5.724,0.003,0.0000,0.000496,C14,ROOT_OR_UNRESOLVED,False
098,8,1,2.563,0.003,0.0000,0.000490,C9,Unknown,False
071,4,1,4.156,0.003,0.0000,0.000485,C8,Unknown,False
513,3,1,6.963,0.003,0.0000,0.000484,C15,Unknown,False
928,2,1,5.489,0.003,0.0000,0.000483,C6,Unknown,False
362,4,1,3.674,0.003,0.0000,0.000482,C12,ROOT_OR_UNRESOLVED,False
736,4,3,16.292,0.009,0.0002,0.000476,C9,Unknown,False
345,3,1,3.800,0.003,0.0000,0.000472,C12,ROOT_OR_UNRESOLVED,False
048,18,5,16.248,0.016,0.0025,0.000471,C1,ROOT_OR_UNRESOLVED,False
361,3,1,3.800,0.003,0.0000,0.000468,C12,ROOT_OR_UNRESOLVED,False
829,3,2,8.468,0.006,0.0000,0.000467,C2,Unknown,False
927,11,1,1.358,0.003,0.0000,0.000463,C15,ROOT_OR_UNRESOLVED,False
908,2,2,13.485,0.006,0.0000,0.000456,C12,Unknown,False
134,3,1,3.754,0.003,0.0000,0.000454,C8,Unknown,False
160,5,1,3.937,0.003,0.0000,0.000454,C12,Unknown,False
891,2,1,4.365,0.003,0.0000,0.000451,C11,Unknown,False
807,3,2,9.686,0.006,0.0000,0.000450,C7,ROOT_OR_UNRESOLVED,False
631,3,1,4.728,0.003,0.0000,0.000450,C4,Unknown,False
059,2,1,3.179,0.003,0.0000,0.000449,C5,Unknown,False
287,2,1,5.419,0.003,0.0000,0.000448,C0,ROOT_OR_UNRESOLVED,False
697,8,3,16.169,0.009,0.0008,0.000448,C15,Unknown,False
610,2,2,9.429,0.006,0.0012,0.000448,C10,ROOT_OR_UNRESOLVED,False
202,5,4,13.795,0.013,0.0043,0.000445,C8,ROOT_OR_UNRESOLVED,False
304,2,1,6.250,0.003,0.0000,0.000440,C10,Unknown,False
299,2,1,4.419,0.003,0.0000,0.000440,C0,Unknown,False
286,3,1,4.703,0.003,0.0000,0.000434,C12,ROOT_OR_UNRESOLVED,False
200,4,2,12.708,0.006,0.0000,0.000423,C7,Unknown,False
241,12,2,6.947,0.006,0.0000,0.000423,C14,ROOT_OR_UNRESOLVED,False
710,5,1,5.419,0.003,0.0000,0.000420,C12,Unknown,False
154,44,8,36.118,0.025,0.0047,0.000412,C9,ROOT_OR_UNRESOLVED,False
744,4,6,29.107,0.019,0.0026,0.000403,C14,ROOT_OR_UNRESOLVED,False
101,8,2,4.839,0.006,0.0000,0.000400,C12,ROOT_OR_UNRESOLVED,False
681,4,1,4.898,0.003,0.0000,0.000399,C8,Unknown,False
720,3,1,3.848,0.003,0.0000,0.000396,C14,ROOT_OR_UNRESOLVED,False
565,14,1,3.741,0.003,0.0000,0.000394,C3,ROOT_OR_UNRESOLVED,False
642,8,3,9.659,0.009,0.0006,0.000390,C11,Unknown,False
773,9,1,1.358,0.003,0.0000,0.000390,C15,ROOT_OR_UNRESOLVED,False
159,6,1,6.156,0.003,0.0000,0.000388,C5,ROOT_OR_UNRESOLVED,False
770,2,1,4.191,0.003,0.0000,0.000385,C7,ROOT_OR_UNRESOLVED,False
137,12,1,2.464,0.003,0.0000,0.000384,C9,ROOT_OR_UNRESOLVED,False
136,11,3,8.963,0.009,0.0012,0.000384,C0,Unknown,False
772,9,3,5.325,0.009,0.0003,0.000380,C11,ROOT_OR_UNRESOLVED,False
423,6,2,10.131,0.006,0.0002,0.000380,C1,ROOT_OR_UNRESOLVED,False
871,5,2,9.192,0.006,0.0008,0.000374,C10,ROOT_OR_UNRESOLVED,False
019,6,1,3.948,0.003,0.0000,0.000372,C1,Unknown,False
444,2,1,6.300,0.003,0.0000,0.000365,C7,ROOT_OR_UNRESOLVED,False
531,5,1,4.661,0.003,0.0000,0.000364,C11,Unknown,False
422,8,5,20.235,0.016,0.0014,0.000363,C8,ROOT_OR_UNRESOLVED,False
426,5,1,3.904,0.003,0.0000,0.000356,C1,Unknown,False
443,4,1,5.885,0.003,0.0000,0.000340,C7,ROOT_OR_UNRESOLVED,False
122,2,1,4.226,0.003,0.0000,0.000340,C1,Unknown,False
525,11,5,17.123,0.016,0.0063,0.000334,C7,Unknown,False
643,4,1,3.288,0.003,0.0000,0.000329,C11,ROOT_OR_UNRESOLVED,False
007,4,1,5.378,0.003,0.0000,0.000329,C15,Unknown,False
229,4,1,5.275,0.003,0.0000,0.000326,C12,Unknown,False
919,2,4,16.565,0.013,0.0026,0.000321,C0,ROOT_OR_UNRESOLVED,False
783,2,1,5.674,0.003,0.0000,0.000319,C12,Unknown,False
178,2,1,3.241,0.003,0.0000,0.000319,C9,Unknown,False
205,2,1,3.179,0.003,0.0000,0.000319,C5,ROOT_OR_UNRESOLVED,False
854,2,1,3.241,0.003,0.0000,0.000316,C9,Unknown,False
896,2,2,9.915,0.006,0.0008,0.000315,C9,Unknown,False
804,7,2,7.120,0.006,0.0000,0.000311,C14,ROOT_OR_UNRESOLVED,False
678,2,1,3.241,0.003,0.0000,0.000307,C9,Unknown,False
410,2,1,5.776,0.003,0.0000,0.000299,C14,Unknown,False
842,5,4,18.920,0.013,0.0003,0.000299,C11,ROOT_OR_UNRESOLVED,False
868,12,3,11.707,0.009,0.0005,0.000299,C6,Unknown,False
526,13,3,16.205,0.009,0.0003,0.000299,C7,Unknown,False
712,4,3,15.089,0.009,0.0010,0.000299,C3,Unknown,False
930,7,1,6.053,0.003,0.0000,0.000299,C10,Unknown,False
749,2,1,11.133,0.003,0.0000,0.000299,C13,Unknown,False
